{"ball_control":{"0":50.5482510312,"1":55.5385180793,"2":57.3350145537,"3":59.3291647478,"4":61.5054783769,"5":62.4717543423,"6":63.8848250793,"7":66.0233658494,"8":67.3799620609,"9":71.7766260135},"crossing":{"0":43.3579588223,"1":47.6327207982,"2":48.9719626561,"3":51.3022408766,"4":53.3164661119,"5":54.1644765038,"6":55.5131419497,"7":57.3794215058,"8":59.147751159,"9":62.1818064642},"decile":{"0":1,"1":2,"2":3,"3":4,"4":5,"5":6,"6":7,"7":8,"8":9,"9":10},"dribbling":{"0":48.2424726864,"1":52.2850605644,"2":53.3610615751,"3":55.0108071387,"4":57.2906532317,"5":58.1971849259,"6":59.3389949337,"7":61.1299711523,"8":62.3215427951,"9":66.5097402888},"finishing":{"0":37.8658422529,"1":42.7830651896,"2":44.1125927786,"3":45.0468512317,"4":47.6177895337,"5":49.1882807182,"6":50.7930302351,"7":51.5940772558,"8":53.3960401338,"9":58.7040416948},"long_passing":{"0":45.8731545023,"1":49.3317350005,"2":51.4308337552,"3":53.3695937677,"4":54.903558511,"5":56.1255524041,"6":57.1102542848,"7":59.9777018783,"8":61.499923487,"9":65.4260596426},"short_passing":{"0":51.031492794,"1":54.961770644,"2":56.4890100789,"3":58.8593271781,"4":60.3674256976,"5":61.5078843674,"6":62.7004253147,"7":64.7521236982,"8":66.4874317068,"9":70.8090022365},"volleys":{"0":36.6548763231,"1":40.957889022,"2":42.330590547,"3":44.3761275184,"4":46.6001680034,"5":48.133507134,"6":50.0985727784,"7":51.3473116595,"8":53.2913695225,"9":60.0832498215}}