{"0":{"norm_ball_control":0.4949474991,"norm_crossing":0.4589533604,"norm_dribbling":0.5825788156,"norm_finishing":0.7172087506,"norm_long_passing":0.3763834391,"norm_overall_rating":0.7482968238,"norm_short_passing":0.4719410727,"norm_volleys":0.5810464373,"posdecile":1.0,"position":"FWD"},"1":{"norm_ball_control":0.5359123971,"norm_crossing":0.5306013079,"norm_dribbling":0.5077065143,"norm_finishing":0.7344039483,"norm_long_passing":0.543507396,"norm_overall_rating":0.5424090336,"norm_short_passing":0.5365732189,"norm_volleys":0.5798653488,"posdecile":2.0,"position":"FWD"},"2":{"norm_ball_control":0.5519441732,"norm_crossing":0.513079939,"norm_dribbling":0.5674044182,"norm_finishing":0.7128281063,"norm_long_passing":0.4834394711,"norm_overall_rating":0.5482172927,"norm_short_passing":0.5980132488,"norm_volleys":0.6037995448,"posdecile":3.0,"position":"FWD"},"3":{"norm_ball_control":0.4514773895,"norm_crossing":0.5016803808,"norm_dribbling":0.6158088514,"norm_finishing":0.874157901,"norm_long_passing":0.5295205441,"norm_overall_rating":0.5182888632,"norm_short_passing":0.5698510891,"norm_volleys":0.7179394001,"posdecile":4.0,"position":"FWD"},"4":{"norm_ball_control":0.7411529553,"norm_crossing":0.5953262866,"norm_dribbling":0.7191032117,"norm_finishing":0.8216147827,"norm_long_passing":0.4561259127,"norm_overall_rating":0.5554181878,"norm_short_passing":0.6320449984,"norm_volleys":0.6504839184,"posdecile":5.0,"position":"FWD"},"5":{"norm_ball_control":0.6134248001,"norm_crossing":0.5280036397,"norm_dribbling":0.5901084005,"norm_finishing":0.7104939482,"norm_long_passing":0.49328372,"norm_overall_rating":0.4654511645,"norm_short_passing":0.427301264,"norm_volleys":0.6943988109,"posdecile":6.0,"position":"FWD"},"6":{"norm_ball_control":0.5850177374,"norm_crossing":0.5829053301,"norm_dribbling":0.5695030031,"norm_finishing":0.7943029358,"norm_long_passing":0.5744161352,"norm_overall_rating":0.4951701471,"norm_short_passing":0.5894453565,"norm_volleys":0.6008529487,"posdecile":7.0,"position":"FWD"},"7":{"norm_ball_control":0.3997849474,"norm_crossing":0.5467181922,"norm_dribbling":0.4095452194,"norm_finishing":0.6240283736,"norm_long_passing":0.5417863852,"norm_overall_rating":0.4484005679,"norm_short_passing":0.5119980294,"norm_volleys":0.5268761764,"posdecile":8.0,"position":"FWD"},"8":{"norm_ball_control":0.4895234998,"norm_crossing":0.6193705549,"norm_dribbling":0.5689155618,"norm_finishing":0.6651138289,"norm_long_passing":0.5069035467,"norm_overall_rating":0.4335835366,"norm_short_passing":0.575638858,"norm_volleys":0.505628097,"posdecile":9.0,"position":"FWD"},"9":{"norm_ball_control":0.4317739069,"norm_crossing":0.5610164343,"norm_dribbling":0.5428004423,"norm_finishing":0.5972719091,"norm_long_passing":0.4420051065,"norm_overall_rating":0.2746755211,"norm_short_passing":0.3891275981,"norm_volleys":0.4798120516,"posdecile":10.0,"position":"FWD"},"10":{"norm_ball_control":0.6441445093,"norm_crossing":0.5756957981,"norm_dribbling":0.6587114567,"norm_finishing":0.5732915115,"norm_long_passing":0.5874141449,"norm_overall_rating":0.7673811662,"norm_short_passing":0.5916614002,"norm_volleys":0.4749275387,"posdecile":1.0,"position":"MID"},"11":{"norm_ball_control":0.686902775,"norm_crossing":0.6402495849,"norm_dribbling":0.7241082839,"norm_finishing":0.6259779063,"norm_long_passing":0.662086829,"norm_overall_rating":0.54037863,"norm_short_passing":0.6447658831,"norm_volleys":0.5530272735,"posdecile":2.0,"position":"MID"},"12":{"norm_ball_control":0.5519755303,"norm_crossing":0.6321113706,"norm_dribbling":0.6114337981,"norm_finishing":0.6532884068,"norm_long_passing":0.639817774,"norm_overall_rating":0.5018527131,"norm_short_passing":0.6396621814,"norm_volleys":0.5935225147,"posdecile":3.0,"position":"MID"},"13":{"norm_ball_control":0.6279691632,"norm_crossing":0.6032706502,"norm_dribbling":0.6571211636,"norm_finishing":0.6431909751,"norm_long_passing":0.6451147728,"norm_overall_rating":0.505680135,"norm_short_passing":0.704793383,"norm_volleys":0.5671006834,"posdecile":4.0,"position":"MID"},"14":{"norm_ball_control":0.5296667665,"norm_crossing":0.6404886546,"norm_dribbling":0.6704582994,"norm_finishing":0.7011002389,"norm_long_passing":0.6846374631,"norm_overall_rating":0.5173039373,"norm_short_passing":0.7919044759,"norm_volleys":0.6951243758,"posdecile":5.0,"position":"MID"},"15":{"norm_ball_control":0.5977161183,"norm_crossing":0.5678958997,"norm_dribbling":0.7201633779,"norm_finishing":0.6917861068,"norm_long_passing":0.5948524441,"norm_overall_rating":0.500251605,"norm_short_passing":0.677786031,"norm_volleys":0.5963735278,"posdecile":6.0,"position":"MID"},"16":{"norm_ball_control":0.8072546279,"norm_crossing":0.7103971037,"norm_dribbling":0.6963480178,"norm_finishing":0.6613009145,"norm_long_passing":0.6802540544,"norm_overall_rating":0.4823931195,"norm_short_passing":0.761038701,"norm_volleys":0.6793489231,"posdecile":7.0,"position":"MID"},"17":{"norm_ball_control":0.5430509517,"norm_crossing":0.6201443644,"norm_dribbling":0.6090232143,"norm_finishing":0.682060372,"norm_long_passing":0.6802822879,"norm_overall_rating":0.4685624034,"norm_short_passing":0.6739173237,"norm_volleys":0.6823486034,"posdecile":8.0,"position":"MID"},"18":{"norm_ball_control":0.6048853478,"norm_crossing":0.573872991,"norm_dribbling":0.7238461307,"norm_finishing":0.7074379086,"norm_long_passing":0.6781162441,"norm_overall_rating":0.4607012481,"norm_short_passing":0.6807410661,"norm_volleys":0.6621517638,"posdecile":9.0,"position":"MID"},"19":{"norm_ball_control":0.7765587041,"norm_crossing":0.76723167,"norm_dribbling":0.7636217208,"norm_finishing":0.6882002642,"norm_long_passing":0.6581274259,"norm_overall_rating":0.1814699251,"norm_short_passing":0.7067715371,"norm_volleys":0.7265484908,"posdecile":10.0,"position":"MID"},"20":{"norm_ball_control":0.5235224905,"norm_crossing":0.565005103,"norm_dribbling":0.5672960143,"norm_finishing":0.3793164638,"norm_long_passing":0.4919841207,"norm_overall_rating":0.8078132925,"norm_short_passing":0.5945975319,"norm_volleys":0.4049226626,"posdecile":1.0,"position":"DEF"},"21":{"norm_ball_control":0.5690460391,"norm_crossing":0.6567089134,"norm_dribbling":0.6263963054,"norm_finishing":0.3826694757,"norm_long_passing":0.5953054246,"norm_overall_rating":0.5682539267,"norm_short_passing":0.6457206709,"norm_volleys":0.4284558639,"posdecile":2.0,"position":"DEF"},"22":{"norm_ball_control":0.6136205376,"norm_crossing":0.6499070243,"norm_dribbling":0.602940064,"norm_finishing":0.3671664162,"norm_long_passing":0.5490034964,"norm_overall_rating":0.5043298057,"norm_short_passing":0.6404942803,"norm_volleys":0.4200761438,"posdecile":3.0,"position":"DEF"},"23":{"norm_ball_control":0.6183687441,"norm_crossing":0.6095354084,"norm_dribbling":0.5881513799,"norm_finishing":0.4128972226,"norm_long_passing":0.6309110928,"norm_overall_rating":0.5083001698,"norm_short_passing":0.683050306,"norm_volleys":0.4750756863,"posdecile":4.0,"position":"DEF"},"24":{"norm_ball_control":0.666109468,"norm_crossing":0.6000209747,"norm_dribbling":0.5876512349,"norm_finishing":0.4188051331,"norm_long_passing":0.6476337199,"norm_overall_rating":0.5092620428,"norm_short_passing":0.6728632256,"norm_volleys":0.4232384631,"posdecile":5.0,"position":"DEF"},"25":{"norm_ball_control":0.5917953528,"norm_crossing":0.5959331163,"norm_dribbling":0.6078514433,"norm_finishing":0.420694733,"norm_long_passing":0.6240226193,"norm_overall_rating":0.5036052108,"norm_short_passing":0.6915249934,"norm_volleys":0.4857895202,"posdecile":6.0,"position":"DEF"},"26":{"norm_ball_control":0.6110002654,"norm_crossing":0.6015502486,"norm_dribbling":0.5847928208,"norm_finishing":0.4357720531,"norm_long_passing":0.7055619466,"norm_overall_rating":0.4904073238,"norm_short_passing":0.6426915539,"norm_volleys":0.5104509017,"posdecile":7.0,"position":"DEF"},"27":{"norm_ball_control":0.5576120385,"norm_crossing":0.6293231587,"norm_dribbling":0.5975704586,"norm_finishing":0.4305817057,