{"0":{"ball_control":56.8787399796,"crossing":41.5200639072,"dribbling":55.8929748093,"finishing":57.1869504462,"long_passing":41.5322208171,"overall_rating":57.166636091,"posdecile":1.0,"position":"FWD","short_passing":51.5544976617,"volleys":48.3366253069},"1":{"ball_control":60.5116201737,"crossing":46.5410779638,"dribbling":60.2157824006,"finishing":61.664916474,"long_passing":44.3540328687,"overall_rating":61.3963613546,"posdecile":2.0,"position":"FWD","short_passing":54.1684929962,"volleys":53.936191015},"2":{"ball_control":62.464739245,"crossing":46.0882977544,"dribbling":61.5422532617,"finishing":64.1096456056,"long_passing":44.7878972577,"overall_rating":63.2701971651,"posdecile":3.0,"position":"FWD","short_passing":56.3304462719,"volleys":56.1206628879},"3":{"ball_control":63.6618886058,"crossing":48.5722563746,"dribbling":62.9023739329,"finishing":65.3820921688,"long_passing":44.8284244863,"overall_rating":64.8412156576,"posdecile":4.0,"position":"FWD","short_passing":57.8229509774,"volleys":58.8625391073},"4":{"ball_control":65.2164569494,"crossing":51.1817699082,"dribbling":64.1499107355,"finishing":66.432543073,"long_passing":46.5828991241,"overall_rating":66.423870312,"posdecile":5.0,"position":"FWD","short_passing":58.608424279,"volleys":60.6821311993},"5":{"ball_control":66.3589350916,"crossing":51.3643303431,"dribbling":64.9710619418,"finishing":68.7623487059,"long_passing":46.7955295217,"overall_rating":67.893744189,"posdecile":6.0,"position":"FWD","short_passing":60.6100570827,"volleys":63.6778654325},"6":{"ball_control":68.5029054184,"crossing":51.9470783958,"dribbling":67.0174341571,"finishing":70.7552052509,"long_passing":48.0611789007,"overall_rating":69.6487135089,"posdecile":7.0,"position":"FWD","short_passing":61.7723190145,"volleys":65.4417075447},"7":{"ball_control":71.1423513776,"crossing":54.3283631283,"dribbling":68.7821753605,"finishing":73.2787764236,"long_passing":50.1094941434,"overall_rating":71.4613197595,"posdecile":8.0,"position":"FWD","short_passing":63.2745124487,"volleys":68.7588264164},"8":{"ball_control":73.8670241392,"crossing":58.4430635633,"dribbling":71.8477007133,"finishing":75.4785734624,"long_passing":52.3236105688,"overall_rating":73.9650672664,"posdecile":9.0,"position":"FWD","short_passing":66.547298957,"volleys":70.958104494},"9":{"ball_control":78.7599874375,"crossing":62.1147602717,"dribbling":76.04983622,"finishing":81.8611500386,"long_passing":53.9872493154,"overall_rating":79.1514082102,"posdecile":10.0,"position":"FWD","short_passing":71.615499108,"volleys":78.414476174},"10":{"ball_control":57.501818524,"crossing":48.4820067105,"dribbling":56.5942842927,"finishing":46.2809034669,"long_passing":51.9161685412,"overall_rating":56.5843946226,"posdecile":1.0,"position":"MID","short_passing":57.8080858109,"volleys":43.3215943167},"11":{"ball_control":62.5767290864,"crossing":53.1470767071,"dribbling":60.7260415895,"finishing":51.2713527596,"long_passing":55.6241452025,"overall_rating":61.4413091183,"posdecile":2.0,"position":"MID","short_passing":61.5617767396,"volleys":48.5127781133},"12":{"ball_control":64.7539978277,"crossing":55.4159351179,"dribbling":63.284655836,"finishing":52.9308623724,"long_passing":57.3115568626,"overall_rating":63.6074861109,"posdecile":3.0,"position":"MID","short_passing":63.3541634769,"volleys":50.6224513683},"13":{"ball_control":66.4901288618,"crossing":57.8283821466,"dribbling":64.5705789066,"finishing":55.873166803,"long_passing":59.2557386423,"overall_rating":65.2950213437,"posdecile":4.0,"position":"MID","short_passing":64.9577803387,"volleys":53.9440014325},"14":{"ball_control":67.9047685338,"crossing":58.990220063,"dribbling":65.9962201428,"finishing":57.5815801633,"long_passing":59.5436396851,"overall_rating":66.7445406079,"posdecile":5.0,"position":"MID","short_passing":66.0114148427,"volleys":55.3200779127},"15":{"ball_control":69.3908574607,"crossing":61.1848165991,"dribbling":67.5708714141,"finishing":58.4180753982,"long_passing":61.473158219,"overall_rating":68.1722354247,"posdecile":6.0,"position":"MID","short_passing":67.5652932339,"volleys":57.6554591957},"16":{"ball_control":71.3343974347,"crossing":63.3007599177,"dribbling":69.6755050741,"finishing":61.3681971874,"long_passing":62.3132897853,"overall_rating":69.7526583661,"posdecile":7.0,"position":"MID","short_passing":69.0987355546,"volleys":59.6505723618},"17":{"ball_control":73.3681069075,"crossing":65.4948428748,"dribbling":71.0940832657,"finishing":61.1596020364,"long_passing":66.3243510499,"overall_rating":71.4855185149,"posdecile":8.0,"position":"MID","short_passing":71.8425279135,"volleys":60.9870666961},"18":{"ball_control":75.9933251055,"crossing":68.4297586397,"dribbling":73.8527049813,"finishing":64.6497050993,"long_passing":67.6945997988,"overall_rating":73.8053202031,"posdecile":9.0,"position":"MID","short_passing":74.1604084953,"volleys":64.2640940073},"19":{"ball_control":80.5948658409,"crossing":72.8472177381,"dribbling":78.1062888625,"finishing":68.4471879221,"long_passing":72.8809518884,"overall_rating":78.4103329456,"posdecile":10.0,"position":"MID","short_passing":78.9869751981,"volleys":70.0073686353},"20":{"ball_control":49.1154071173,"crossing":44.9571218555,"dribbling":45.7685768033,"finishing":30.9141143504,"long_passing":44.9539150444,"overall_rating":56.0691527101,"posdecile":1.0,"position":"DEF","short_passing":49.9460839989,"volleys":32.2377471171},"21":{"ball_control":54.8999336441,"crossing":49.6309794184,"dribbling":48.9444930473,"finishing":32.577499067,"long_passing":50.3605766552,"overall_rating":60.7317459097,"posdecile":2.0,"position":"DEF","short_passing":55.7031508637,"volleys":34.4219842403},"22":{"ball_control":56.60829949,"crossing":51.5445644909,"dribbling":49.3813140348,"finishing":34.4411575162,"long_passing":52.7780094868,"overall_rating":62.8621005541,"posdecile":3.0,"position":"DEF","short_passing":57.3976705219,"volleys":35.0089672958},"23":{"ball_control":57.754049516,"crossing":51.9386032456,"dribbling":50.2060466567,"finishing":34.7908934557,"long_passing":54.0758457522,"overall_rating":64.3570079144,"posdecile":4.0,"position":"DEF","short_passing":58.4445279249,"volleys":37.1291627443},"24":{"ball_control":59.1246219804,"crossing":53.0011186508,"dribbling":51.2796553694,"finishing":35.442500384,"long_passing":55.5562402608,"overall_rating":65.7441871432,"posdecile":5.0,"position":"DEF","short_passing":59.8866445105,"volleys":37.4311666038},"25":{"ball_control":60.6718141113,"crossing":54.0634257225,"dribbling":52.4137432541,"finishing":36.5386177856,"long_passing":56.8891196544,"overall_rating":67.1980551668,"posdecile":6.0,"position":"DEF","short_passing":61.1931996847,"volleys":37.2933577806},"26":{"ball_control":62.0017999011,"crossing":55.909028178,"dribbling":53.3238358124,"finishing":38.6648964245,"long_passing":59.1000582782,"overall_rating":68.7289167233,"posdecile":7.0,"position":"DEF","short_passing":62.7172323851,"volleys":40.1653083381},"27":{"ball_control":63.9275221565,"crossing":56.8540911272,"dribbling":54.9335823136,"finishing":39.576693711,"long_passing":60.6769241216,"overall_rating":70.5105039364,"posdecile":8.0,"position":"DEF","short_passing":64.638304739,"volleys":40.9999669995},"28":{"ball_control":65.3508114777,"crossing":57.6691138865,"dribbling":55.6938430848,"finishing":40.0540782197,"long_passing":62.8179434025,"overall_rating":72.6650403538,"posdecile":9.0,"position":"DEF","short_passing":66.3515081665,"volleys":42.4499129052},"29":{"ball_control":67.6753277913,"crossing":58.3000848911,"dribbling":56.8205806245,"finishing":42.5933498858,"long_passing":65.9553217352,"overall_rating":77.0711671408,"posdecile":10.0,"position":"DEF","short_passing":69.4637692869,"volleys":46.8860184277}}