{"1":{"ball_control":50.5482510312,"crossing":43.3579588223,"dribbling":48.2424726864,"finishing":37.8658422529,"long_passing":45.8731545023,"overall_rating":56.3153042364,"short_passing":51.031492794,"volleys":36.6548763231,"decile":1},"2":{"ball_control":55.5385180793,"crossing":47.6327207982,"dribbling":52.2850605644,"finishing":42.7830651896,"long_passing":49.3317350005,"overall_rating":61.0590232633,"short_passing":54.961770644,"volleys":40.957889022,"decile":2},"3":{"ball_control":57.3350145537,"crossing":48.9719626561,"dribbling":53.3610615751,"finishing":44.1125927786,"long_passing":51.4308337552,"overall_rating":63.1935388334,"short_passing":56.4890100789,"volleys":42.330590547,"decile":3},"4":{"ball_control":59.3291647478,"crossing":51.3022408766,"dribbling":55.0108071387,"finishing":45.0468512317,"long_passing":53.3695937677,"overall_rating":64.7912378159,"short_passing":58.8593271781,"volleys":44.3761275184,"decile":4},"5":{"ball_control":61.5054783769,"crossing":53.3164661119,"dribbling":57.2906532317,"finishing":47.6177895337,"long_passing":54.903558511,"overall_rating":66.3026213993,"short_passing":60.3674256976,"volleys":46.6001680034,"decile":5},"6":{"ball_control":62.4717543423,"crossing":54.1644765038,"dribbling":58.1971849259,"finishing":49.1882807182,"long_passing":56.1255524041,"overall_rating":67.7678558952,"short_passing":61.5078843674,"volleys":48.133507134,"decile":6},"7":{"ball_control":63.8848250793,"crossing":55.5131419497,"dribbling":59.3389949337,"finishing":50.7930302351,"long_passing":57.1102542848,"overall_rating":69.3465969652,"short_passing":62.7004253147,"volleys":50.0985727784,"decile":7},"8":{"ball_control":66.0233658494,"crossing":57.3794215058,"dribbling":61.1299711523,"finishing":51.5940772558,"long_passing":59.9777018783,"overall_rating":71.1187326971,"short_passing":64.7521236982,"volleys":51.3473116595,"decile":8},"9":{"ball_control":67.3799620609,"crossing":59.147751159,"dribbling":62.3215427951,"finishing":53.3960401338,"long_passing":61.499923487,"overall_rating":73.4069698881,"short_passing":66.4874317068,"volleys":53.2913695225,"decile":9},"10":{"ball_control":71.7766260135,"crossing":62.1818064642,"dribbling":66.5097402888,"finishing":58.7040416948,"long_passing":65.4260596426,"overall_rating":78.0786521821,"short_passing":70.8090022365,"volleys":60.0832498215,"decile":10}}