{"0":{"index":0,"decile":1,"norm_ball_control":-2.141360539e-16,"norm_crossing":2.307715191e-16,"norm_dribbling":2.200640287e-17,"norm_finishing":2.065851069e-17,"norm_long_passing":-2.402273953e-16,"norm_overall_rating":-0.0,"norm_short_passing":1.430416186e-18,"norm_volleys":-1.782174782e-16},"1":{"index":1,"decile":2,"norm_ball_control":1.657479185e-16,"norm_crossing":-0.0,"norm_dribbling":1.109120519e-16,"norm_finishing":-1.278079485e-16,"norm_long_passing":-7.13596676e-16,"norm_overall_rating":0.0,"norm_short_passing":-7.20735399e-16,"norm_volleys":-4.167539645e-16},"2":{"index":2,"decile":3,"norm_ball_control":-6.382711781e-16,"norm_crossing":-1.764366002e-16,"norm_dribbling":-9.270951091e-16,"norm_finishing":-6.05135785e-16,"norm_long_passing":1.638836929e-16,"norm_overall_rating":-0.0,"norm_short_passing":-9.322340392e-17,"norm_volleys":-5.634087432e-17},"3":{"index":3,"decile":4,"norm_ball_control":-0.0,"norm_crossing":-4.454542382e-16,"norm_dribbling":-3.67476996e-16,"norm_finishing":-2.339886026e-16,"norm_long_passing":2.604502452e-16,"norm_overall_rating":-0.0,"norm_short_passing":-8.198701281e-16,"norm_volleys":1.065006462e-16},"4":{"index":4,"decile":5,"norm_ball_control":-9.371714184e-16,"norm_crossing":-3.369671134e-16,"norm_dribbling":1.905758195e-16,"norm_finishing":-5.365721769e-16,"norm_long_passing":-4.002252492e-16,"norm_overall_rating":-0.0,"norm_short_passing":0.0,"norm_volleys":5.352364899e-16},"5":{"index":5,"decile":6,"norm_ball_control":2.56057956e-16,"norm_crossing":2.248258385e-16,"norm_dribbling":-0.0,"norm_finishing":3.39679432e-16,"norm_long_passing":6.835732843e-16,"norm_overall_rating":-0.0,"norm_short_passing":-1.583174628e-16,"norm_volleys":-0.0},"6":{"index":6,"decile":7,"norm_ball_control":3.61154223e-16,"norm_crossing":-7.28003315e-16,"norm_dribbling":-4.016817865e-16,"norm_finishing":-3.304959228e-17,"norm_long_passing":2.310845185e-16,"norm_overall_rating":-0.0,"norm_short_passing":2.160214515e-16,"norm_volleys":-9.166112977e-16},"7":{"index":7,"decile":8,"norm_ball_control":-2.621206793e-16,"norm_crossing":7.610044119e-17,"norm_dribbling":3.189272745e-16,"norm_finishing":3.842231619e-16,"norm_long_passing":-0.0,"norm_overall_rating":0.0,"norm_short_passing":-3.907417256e-16,"norm_volleys":-3.268928767e-17},"8":{"index":8,"decile":9,"norm_ball_control":4.715691591e-16,"norm_crossing":-7.431989483e-16,"norm_dribbling":-2.094760424e-18,"norm_finishing":-2.900416308e-16,"norm_long_passing":-9.549351269e-16,"norm_overall_rating":-0.0,"norm_short_passing":-2.80491177e-16,"norm_volleys":4.580910295e-17},"9":{"index":9,"decile":10,"norm_ball_control":-0.0,"norm_crossing":4.048858361e-16,"norm_dribbling":-3.259077311e-16,"norm_finishing":6.088466371e-16,"norm_long_passing":6.06981121e-17,"norm_overall_rating":0.0,"norm_short_passing":1.45248672e-18,"norm_volleys":-5.718736221e-17}}