{"0":{"index":0,"decile":1,"norm_ball_control":0.666823782,"norm_crossing":0.6009386044,"norm_dribbling":0.6212128336,"norm_finishing":0.517302634,"norm_long_passing":0.5474130056,"norm_overall_rating":0.7958536179,"norm_short_passing":0.5976993461,"norm_volleys":0.5121381529},"1":{"index":1,"decile":2,"norm_ball_control":0.7137698759,"norm_crossing":0.6608368381,"norm_dribbling":0.6649788629,"norm_finishing":0.5688102864,"norm_long_passing":0.5967927598,"norm_overall_rating":0.5579880152,"norm_short_passing":0.6696818847,"norm_volleys":0.5467195155},"2":{"index":2,"decile":3,"norm_ball_control":0.7312099122,"norm_crossing":0.6102752192,"norm_dribbling":0.6745489503,"norm_finishing":0.5550141032,"norm_long_passing":0.6373998078,"norm_overall_rating":0.5372763798,"norm_short_passing":0.6960044063,"norm_volleys":0.5218543172},"3":{"index":3,"decile":4,"norm_ball_control":0.7070915395,"norm_crossing":0.6335914228,"norm_dribbling":0.6572972448,"norm_finishing":0.5640332341,"norm_long_passing":0.6560094155,"norm_overall_rating":0.505837346,"norm_short_passing":0.7120528124,"norm_volleys":0.4983483669},"4":{"index":4,"decile":5,"norm_ball_control":0.7652345209,"norm_crossing":0.6313212139,"norm_dribbling":0.6996544107,"norm_finishing":0.6081016343,"norm_long_passing":0.6317259752,"norm_overall_rating":0.5275822383,"norm_short_passing":0.7206907258,"norm_volleys":0.5791121867},"5":{"index":5,"decile":6,"norm_ball_control":0.7698558552,"norm_crossing":0.6217502196,"norm_dribbling":0.6904225605,"norm_finishing":0.6169754388,"norm_long_passing":0.6446011349,"norm_overall_rating":0.4867848908,"norm_short_passing":0.712286744,"norm_volleys":0.5557880886},"6":{"index":6,"decile":7,"norm_ball_control":0.7502376042,"norm_crossing":0.651184453,"norm_dribbling":0.6658597213,"norm_finishing":0.6308554826,"norm_long_passing":0.6518890864,"norm_overall_rating":0.480359979,"norm_short_passing":0.733758359,"norm_volleys":0.6127885412},"7":{"index":7,"decile":8,"norm_ball_control":0.7409710819,"norm_crossing":0.6425336276,"norm_dribbling":0.6753764643,"norm_finishing":0.6075012259,"norm_long_passing":0.7027276355,"norm_overall_rating":0.4822615544,"norm_short_passing":0.7527652639,"norm_volleys":0.5669923377},"8":{"index":8,"decile":9,"norm_ball_control":0.7603903535,"norm_crossing":0.6260924588,"norm_dribbling":0.6824372891,"norm_finishing":0.6075174635,"norm_long_passing":0.6388567863,"norm_overall_rating":0.4571212157,"norm_short_passing":0.7389940026,"norm_volleys":0.5936621277},"9":{"index":9,"decile":10,"norm_ball_control":0.6921148496,"norm_crossing":0.642854957,"norm_dribbling":0.6462171759,"norm_finishing":0.579324891,"norm_long_passing":0.5657281437,"norm_overall_rating":0.180714739,"norm_short_passing":0.7010026297,"norm_volleys":0.6207054372}}